<?xml version="1.0" encoding="UTF-8" ?>
<!DOCTYPE beans PUBLIC "-//SPRING/DTD BEAN/EN"
    "http://www.springframework.org/dtd/spring-beans.dtd">
<beans>

<bean id="userService" class="com.service.UserService">
<property name="name">
	<value>Daniel</value>
</property>

<property name="bs" ref="byeService"/>
</bean>
<bean id="byeService" class="com.service.ByeService">
<property name="name" value="Sumei"/>
</bean>
</beans>
<!-- <beans xmlns="http://www.springframework.org/schema/beans"
    xmlns:xsi="http://www.w3.org/2001/XMLSchema-instance"
    xsi:schemaLocation="http://www.springframework.org/schema/beans
                        http://www.springframework.org/schema/beans/spring-beans.xsd"> -->